{"value": {"gas": 1.921149609, "tvl": 0, "active_addresses": 0}, "expires_at": 1750444467.5601213}